protospacer,position,run_type
GCCCAGGAGCCGGTGAGAAG,54,forward
GAGGAGCCGGTGAGAAGCGC,57,forward
GGGCACGGGGATGAGCTCAG,83,forward
GCTCAGGGGCCTCTAGAAAG,97,forward
GAGGAGAGCTACTCGGGGTC,155,forward
GGCTACTCGGGGTCGGGCTT,161,forward
GGGGAGAGGAGGAGCGGGGG,181,forward
GGAGAGGAGGAGCGGGGGTG,183,forward
GAGCAGCAGGGGACTGGACC,207,forward
GACGACCCGACCCGCTAGAA,248,forward
GCCGACCCGCTAGAAGGTGG,253,forward
GGCTAGAAGGTGGGGTGGGG,260,forward
GGAGAGCAGCTGGACTGGGA,278,forward
GGCCATAGCAGGACTCCACG,302,forward
GCTCAGATCTCCATAACTGG,368,forward
GCAGATCTCCATAACTGGGG,370,forward
GTCCATAACTGGGGAGCCAG,376,forward
GAACACGGCGCTTAACTGTG,465,forward
GGTGAGGTTGGAGCTTAGAA,481,forward
GTGGAGCTTAGAATGTGAAG,488,forward
GGCGAGACTGGGACTGAGAT,521,forward
GGGGACTGAGATGGAACCGG,529,forward
GCTGAGATGGAACCGGCGGT,533,forward
GGAGATGGAACCGGCGGTGG,535,forward
GGGGATGGAATTTGAACCCC,566,forward
GAAGATGGAATTTTCTATGG,593,forward
GTCTATGGAGGCCGACCTGG,605,forward
GTGGAGGCCGACCTGGGGAT,609,forward
GGGGATGGGGAGATAAGAGA,623,forward
GGGGAGATAAGAGAAGACCA,629,forward
GGAGATAAGAGAAGACCAGG,631,forward
GACCAGGAGGGAGTTAAATA,644,forward
GGGGAGTTAAATAGGGAATG,651,forward
GATTAGGCTGTTGCAGATAA,700,forward
GCAGATAATGCAACAAGGCT,712,forward
GGTGAGGCCGGGTTGGGGCC,748,forward
GGGGAGGAGTCCTCACTGGC,778,forward
GAGGAGTCCTCACTGGCGGT,781,forward
GCCCAGACTGGCCAATCACA,820,forward
GATCACAGGCAGGAAGATGA,833,forward
GGGCAGGAAGATGAAGGTTC,839,forward
GGTCACATTCCTGGCAGGTA,875,forward
GCACATTCCTGGCAGGTATG,877,forward
GCCCATTCAGGCAGACCCTG,959,forward
GTTGACGCTCTCTGGGCCTC,1028,forward
GTTGAGATGAAGTCTCGCTC,1120,forward
GGGGATCTCGGCTCACTGCA,1165,forward
GCTCAGCCTCCCAAGTAGCT,1218,forward
GCACACCCGACTAACTTTTT,1258,forward
GTGTATTTTCAGTAGAGACG,1277,forward
GTAGAGACGGGGTTTCACCA,1288,forward
GTTCACCATGTTGGCCAGGC,1300,forward
GTCGATCTCCCAAAGTGCTG,1356,forward
GGTGAGCCACCGCACCTGGC,1386,forward
GGCCACCGCACCTGGCTGGG,1390,forward
GGGGAGTTAGAGGTTTCTAA,1406,forward
GGATAGTGAATACCAGACAC,1438,forward
GACCAGACACGGGGCAGCTG,1448,forward
GCCCACACAGCCCTGCCTGG,1488,forward
GAATACATGCTTTTCCGCTG,1524,forward
GTACATGCTTTTCCGCTGGG,1526,forward
GGGGAGGATCACTTGAGCCC,1591,forward
GAGGATCACTTGAGCCCAGG,1594,forward
GAGGAGTTCAACACCAGCCT,1610,forward
GACCAGCCTGGGCAACATAG,1621,forward
GGCCACACACCTGTGCTCTC,1686,forward
GCTCAGGAGGCTGAGGCAGG,1710,forward
GCTGAGGCAGGAGGATCGCT,1719,forward
GAGGAGGATCGCTTGAGCCC,1726,forward
GAGGATCGCTTGAGCCCAGA,1729,forward
GCCCAGAAGGTCAAGGTTGC,1742,forward
GCCCACCATGGCTCCAAAGA,1870,forward
GGGTACTAGATGCCTGGACG,1921,forward
GTAGATGCCTGGACGGGGTC,1926,forward
GCACACAGGATGCCAGGCCA,1976,forward
GGCCAGGCCAAGGTGGAGCA,1986,forward
GTGGAGCAAGCGGTGGAGAC,1998,forward
GTGGAGACAGAGCCGGAGCC,2010,forward
GGAGACAGAGCCGGAGCCCG,2012,forward
GCCGAGCTGCGCCAGCAGAC,2028,forward
GAGCAGACCGAGTGGCAGAG,2040,forward
GGGCAGAGCGGCCAGCGCTG,2052,forward
GTGCAGACACTGTCTGAGCA,2112,forward
GCAGACACTGTCTGAGCAGG,2114,forward
GAGGAGCTGCTCAGCTCCCA,2139,forward
GCTCAGCTCCCAGGTCACCC,2147,forward
GGCTATACCTCCCCAGGTCC,2217,forward
GCTCACACTCGTCCTGGCTC,2385,forward
GTATATAGAGACAGAGAGAT,2429,forward
GTATAGAGACAGAGAGATGG,2431,forward
GCAGAGAGATGGGGTCTCAC,2439,forward
GGAGAGATGGGGTCTCACTG,2441,forward
GCTCACTGTGTTGCCCAGGC,2453,forward
GGGCATGAGCCACCTTGCCC,2536,forward
GTGCATCTGCTCTCTGCATC,2593,forward
GGACACCCTCCCGCCCTCTC,2729,forward
GCGCAGGGCGCTGATGGACG,2751,forward
GCTGATGGACGAGACCATGA,2760,forward
GGAGACCATGAAGGAGTTGA,2769,forward
GCCTACAAATCGGAACTGGA,2791,forward
GTGGAGGAACAACTGACCCC,2806,forward
GCTGACCCCGGTGGCGGAGG,2817,forward
GAGGAGCTGCAGGCGGCGCA,2857,forward
GCGCAGGCCCGGCTGGGCGC,2872,forward
GCGGACATGGAGGACGTGTG,2890,forward
GAGGACGTGTGCGGCCGCCT,2899,forward
GAGTACCGCGGCGAGGTGCA,2923,forward
GGCGAGGTGCAGGCCATGCT,2932,forward
GCAGAGCACCGAGGAGCTGC,2955,forward
GAGCACCGAGGAGCTGCGGG,2958,forward
GAGGAGCTGCGGGTGCGCCT,2965,forward
GATGACCTGCAGAAGCGCCT,3031,forward
GTGTACCAGGCCGGGGCCCG,3055,forward
GACCAGGCCGGGGCCCGCGA,3058,forward
GGCCATCCGCGAGCGCCTGG,3099,forward
GGCGAGCGCCTGGGGCCCCT,3106,forward
GAACAGGGCCGCGTGCGGGC,3130,forward
GGCCAGCCGCTACAGGAGCG,3172,forward
GAGGAGCGGGCCCAGGCCTG,3184,forward
GTGGACGAGGTGAAGGAGCA,3259,forward
GACGAGGTGAAGGAGCAGGT,3262,forward
GAGCAGGTGGCGGAGGTGCG,3274,forward
GCGGAGGTGCGCGCCAAGCT,3283,forward
GCCCAGCAGATACGCCTGCA,3313,forward
GAGCAGATACGCCTGCAGGC,3316,forward
GCAGATACGCCTGCAGGCCG,3318,forward
GTGCAGGCCGAGGCCTTCCA,3328,forward
GAAGAGCTGGTTCGAGCCCC,3357,forward
GAAGACATGCAGCGCCAGTG,3382,forward
GGCCAGTGGGCCGGGCTGGT,3394,forward
GTGGAGAAGGTGCAGGCTGC,3412,forward
GGGCACCAGCGCCGCCCCTG,3435,forward
GCCCAGCGACAATCACTGAA,3456,forward
GATCACTGAACGCCGAAGCC,3466,forward
GGCGACCCCACGCCACCCCG,3494,forward
GGAGACCCTGTCCCCGCCCC,3543,forward
GCCCAGCCGTCCTCCTGGGG,3559,forward
GACTAGGGTCCACCCCAGGA,3551,reverse
GTCCACCCCAGGAGGACGGC,3544,reverse
GCCCAGGAGGACGGCTGGGG,3539,reverse
GAGGAGGACGGCTGGGGCGG,3536,reverse
GGACAGGGTCTCCCGCTGCA,3516,reverse
GTGCAGGCTGCGCGGAGGCA,3501,reverse
GGGCAGGAGGCACGGGGTGG,3486,reverse
GAGGAGGCACGGGGTGGCGT,3483,reverse
GTGCAGGCTTCGGCGTTCAG,3451,reverse
GGTGATTGTCGCTGGGCACA,3433,reverse
GGGCACAGGGGCGGCGCTGG,3420,reverse
GTGCACCTTCTCCACCAGCC,3387,reverse
GTCCACCAGCCCGGCCCACT,3378,reverse
GTCCACCAGGGGCTCGAACC,3345,reverse
GGCCACCTGCTCCTTCACCT,3246,reverse
GTTCACCTCGTCCAGGCGGT,3234,reverse
GTCCAGGCGGTCGCGGGTCC,3225,reverse
GCCCATCTCCTCCATCCGCG,3201,reverse
GTGTAGCGGCTGGCCGGCCA,3147,reverse
GGCCAGGGAGCCCACAGTGG,3132,reverse
GCCCACAGTGGCGGCCCGCA,3123,reverse
GCACAGTGGCGGCCCGCACG,3121,reverse
GACCAGGGGCCCCAGGCGCT,3090,reverse
GCCCAGGCGCTCGCGGATGG,3081,reverse
GTGCAGGTCATCGGCATCGC,3003,reverse
GGTCATCGGCATCGCGGAGG,2998,reverse
GAGGAGCCGCTTACGCAGCT,2982,reverse
GCTTACGCAGCTTGCGCAGG,2974,reverse
GCGCAGCTTGCGCAGGTGGG,2970,reverse
GCGCACCCGCAGCTCCTCGG,2943,reverse
GCGCAGCTCCTCGGTGCTCT,2937,reverse
GCCGAGCATGGCCTGCACCT,2916,reverse
GAGCATGGCCTGCACCTCGC,2913,reverse
GTGCACCAGGCGGCCGCACA,2886,reverse
GCGCACACGTCCTCCATGTC,2873,reverse
GCACACGTCCTCCATGTCCG,2871,reverse
GTCCATGTCCGCGCCCAGCC,2862,reverse
GTCCATCAGCGCCCTGCGGC,2730,reverse
GGGGAGGGTGTCGCACAGTG,2702,reverse
GCGCACAGTGGGAGGCGGGG,2692,reverse
GGGGAGGCGGGGAGAAGGGC,2684,reverse
GGGGAGAAGGGCTGGGATGG,2676,reverse
GGGGATGGGGCGGGCGAGAT,2664,reverse
GGAGACCCAAGAGGGAGAGA,2631,reverse
GAAGAGGGAGAGAAGGAACG,2624,reverse
GGGGAGAGAAGGAACGGGGC,2620,reverse
GGAGAGAAGGAACGGGGCAG,2618,reverse
GGGCAGAGGCCGAGAGAAGG,2604,reverse
GGAGAGAAGGAGACAGAGAC,2594,reverse
GAGGAGACAGAGACAGATGC,2588,reverse
GGAGACAGAGACAGATGCAG,2586,reverse
GGACAGAGACAGATGCAGAG,2584,reverse
GGACAGATGCAGAGAGCAGA,2578,reverse
GTGCAGAGAGCAGATGCAGA,2572,reverse
GGAGAGCAGATGCAGAGGGC,2568,reverse
GAGCAGATGCAGAGGGCAGA,2565,reverse
GCAGAGGGCAGAGGCAGAGA,2557,reverse
GCAGAGGCAGAGACGAAGAA,2550,reverse
GCAGAGACGAAGAAGGAGCT,2544,reverse
GGCTAGGAGGCCGGGCAAGG,2528,reverse
GCCGAGGCGGGAGGATCGCT,2475,reverse
GGGGAGGATCGCTTGAGCCC,2468,reverse
GAGGATCGCTTGAGCCCAGA,2465,reverse
GACCAGCCTGGGCAACACAG,2438,reverse
GTATATAAAAGAGCTAGGGA,2397,reverse
GAAGAGCTAGGGAAGGACAG,2390,reverse
GGCTAGGGAAGGACAGAGAC,2386,reverse
GGACAGAGACAGAGCCAGGA,2376,reverse
GCAGAGACAGAGCCAGGACG,2374,reverse
GGAGACAGAGCCAGGACGAG,2372,reverse
GGACAGAGCCAGGACGAGTG,2370,reverse
GCAGAGCCAGGACGAGTGTG,2368,reverse
GGTGAGAGACTGAGTCAGAA,2352,reverse
GGAGACTGAGTCAGAAGGGA,2348,reverse
GCTGAGTCAGAAGGGAAGAG,2344,reverse
GGTCAGAAGGGAAGAGAGAG,2340,reverse
GCTGAGAGAGAGAATTCCAG,2313,reverse
GGAGAGAGAGAATTCCAGAG,2311,reverse
GAGGAGTCAGAAATGGGAAG,2282,reverse
GGTCAGAAATGGGAAGAGGA,2278,reverse
GCAGAGACCCAGGCCCCCCA,2247,reverse
GCCCAGGCCCCCCAAGACTT,2241,reverse
GAAGACTTAGCGACAGGGGC,2229,reverse
GCTTAGCGACAGGGGCAGAA,2225,reverse
GGGTATAGCCGCCCACCAGG,2187,reverse
GTATAGCCGCCCACCAGGAG,2185,reverse
GACCAGGAGGGTCAAGGGCC,2174,reverse
GGACACTCACCTCAGTTCCT,2147,reverse
GCTCAGTTCCTGGGTGACCT,2138,reverse
GGCCAGTTCCCAGCGCTGGC,2042,reverse
GTCCACCGCTTGCTCCACCT,1976,reverse
GGTCAGGGTCCTTCTGACCC,1921,reverse
GTCCAGGCATCTAGTACCTA,1900,reverse
GCCTAGGGGCACACAGAAGG,1885,reverse
GTCCACAAATGCTTCTTTGG,1863,reverse
GGCCATGGTGGGCAGGGTGA,1843,reverse
GGGCAGGGTGAGGGGGGAGT,1834,reverse
GGGGAGTCGGTTTAATCACT,1821,reverse
GATTATGTATTTATAAACAG,1794,reverse
GGTCACCCAGGCTGGAGTGC,1764,reverse
GTTGACCTTCTGGGCTCAAG,1717,reverse
GCTGAGTAGCTGAGAGCACA,1677,reverse
GACCATGCCTGGCTAATTTT,1648,reverse
GTGTATTTTTAGTAGAGACA,1629,reverse
GTAGAGACAGGGTCTCACTA,1618,reverse
GCTCACTATGTTGCCCAGGC,1606,reverse
GACTATGTTGCCCAGGCTGG,1603,reverse
GGTGAGCCACCGCGCCCAGC,1520,reverse
GAGCATGTATTGAGTGTCCT,1496,reverse
GTGTATTGAGTGTCCTTGTG,1492,reverse
GCCCAGGCAGGGCTGTGTGG,1470,reverse
GATCACAGCTGCCCCGTGTC,1433,reverse
GGGCAGATCACCTGAGGTCA,1314,reverse
GCAGATCACCTGAGGTCAGG,1312,reverse
GAGGAGTTCCAGACCAGCCT,1296,reverse
GCAGACCAGCCTGGCCAACA,1288,reverse
GACCAGCCTGGCCAACATGG,1285,reverse
GTCTACTGAAAATACAAAAA,1254,reverse
GAATACAAAAAAGTTAGTCG,1245,reverse
GGGCATGTGCCTGTAGTCCC,1218,reverse
GCTGAGGCAGGAGAATGGCG,1185,reverse
GAGGAGAATGGCGTGGACCT,1178,reverse
GCGGAGCTTGCAGTGAGCCG,1153,reverse
GGCCACTGCACTCCAGCCTG,1127,reverse
GTCCAGCCTGGGCGACAGAG,1117,reverse
GCAGAGCCAGGAAGCAGCAC,981,reverse
GAGCACAGAAGCCTCAGAAG,967,reverse
GCACAGAAGCCTCAGAAGAG,965,reverse
GCTCAGAAGAGGGGGCCCAG,956,reverse
GCCCAGGGTCTGCCTGAATG,942,reverse
GTTGAGGTGAGGATGAGAGG,912,reverse
GAGGATGAGAGGGGGAGGAG,904,reverse
GATGAGAGGGGGAGGAGCGG,901,reverse
GGAGAGGGGGAGGAGCGGGG,899,reverse
GCCCATACCTGCCAGGAATG,860,reverse
GCACAGAACCTTCATCTTCC,824,reverse
GCCCAGCCCGGCCCCAACCC,737,reverse
GCCCAGCACATTTACCAAGC,662,reverse
GCCCACCCCCTCCCCACCGC,528,reverse
GTCCATCTCAGTCCCAGTCT,505,reverse
GTCCATTTATGAGCTAATTC,428,reverse
GGCTACCGTGTCGCTGCCCC,375,reverse
GCCCAGTTATGGAGATCTGA,350,reverse
GTGGAGATCTGAGGACACTG,342,reverse
GGACACTGGGGACACCCAGT,330,reverse
GGGGACACCCAGTAGGTGCT,323,reverse
GGTGACAACTCGTGGAGTCC,292,reverse
GCCCACCCCACCTTCTAGCG,240,reverse
GCCCACCTTCTAGCGGGTCG,235,reverse
GCCCAGCCCTTCCCAGGTCC,202,reverse
GCCCAGGTCCAGTCCCCTGC,192,reverse
GCTGAGACTACCTGGAGGCC,119,reverse
GGAGACTACCTGGAGGCCAG,117,reverse
GTGGAGGCCAGGGGTTCCCA,108,reverse
GCTCACCGGCTCCTGGGGAA,32,reverse
GTTCACCTCCGCTGGGGCTG,5,reverse
