position,protospacer,run_type
22,GgaacttgttccacacagGA,forward
26,GttgttccacacagGATGCC,forward
27,GtgttccacacagGATGCCA,forward
32,GcacacagGATGCCAGGCCA,forward
33,GacacagGATGCCAGGCCAA,forward
35,GacagGATGCCAGGCCAAGG,forward
36,GcagGATGCCAGGCCAAGGT,forward
38,GgGATGCCAGGCCAAGGTGG,forward
42,GGCCAGGCCAAGGTGGAGCA,forward
44,GCAGGCCAAGGTGGAGCAAG,forward
45,GAGGCCAAGGTGGAGCAAGC,forward
47,GGCCAAGGTGGAGCAAGCGG,forward
48,GCCAAGGTGGAGCAAGCGGT,forward
50,GAAGGTGGAGCAAGCGGTGG,forward
54,GTGGAGCAAGCGGTGGAGAC,forward
56,GGAGCAAGCGGTGGAGACAG,forward
59,GCAAGCGGTGGAGACAGAGC,forward
60,GAAGCGGTGGAGACAGAGCC,forward
62,GGCGGTGGAGACAGAGCCGG,forward
66,GTGGAGACAGAGCCGGAGCC,forward
68,GGAGACAGAGCCGGAGCCCG,forward
71,GACAGAGCCGGAGCCCGAGC,forward
73,GAGAGCCGGAGCCCGAGCTG,forward
77,GCCGGAGCCCGAGCTGCGCC,forward
80,GGAGCCCGAGCTGCGCCAGC,forward
84,GCCGAGCTGCGCCAGCAGAC,forward
86,GGAGCTGCGCCAGCAGACCG,forward
88,GGCTGCGCCAGCAGACCGAG,forward
89,GCTGCGCCAGCAGACCGAGT,forward
92,GCGCCAGCAGACCGAGTGGC,forward
94,GCCAGCAGACCGAGTGGCAG,forward
96,GAGCAGACCGAGTGGCAGAG,forward
97,GGCAGACCGAGTGGCAGAGC,forward
101,GACCGAGTGGCAGAGCGGCC,forward
103,GCGAGTGGCAGAGCGGCCAG,forward
106,GGTGGCAGAGCGGCCAGCGC,forward
107,GTGGCAGAGCGGCCAGCGCT,forward
108,GGGCAGAGCGGCCAGCGCTG,forward
113,GAGCGGCCAGCGCTGGGAAC,forward
114,GGCGGCCAGCGCTGGGAACT,forward
119,GCAGCGCTGGGAACTGGCAC,forward
120,GAGCGCTGGGAACTGGCACT,forward
121,GGCGCTGGGAACTGGCACTG,forward
124,GCTGGGAACTGGCACTGGGT,forward
130,GACTGGCACTGGGTCGCTTT,forward
131,GCTGGCACTGGGTCGCTTTT,forward
132,GTGGCACTGGGTCGCTTTTG,forward
140,GGGTCGCTTTTGGGATTACC,forward
142,GTCGCTTTTGGGATTACCTG,forward
145,GCTTTTGGGATTACCTGCGC,forward
146,GTTTTGGGATTACCTGCGCT,forward
147,GTTTGGGATTACCTGCGCTG,forward
149,GTGGGATTACCTGCGCTGGG,forward
152,GGATTACCTGCGCTGGGTGC,forward
158,GCTGCGCTGGGTGCAGACAC,forward
162,GGCTGGGTGCAGACACTGTC,forward
164,GTGGGTGCAGACACTGTCTG,forward
167,GGTGCAGACACTGTCTGAGC,forward
168,GTGCAGACACTGTCTGAGCA,forward
170,GCAGACACTGTCTGAGCAGG,forward
173,GACACTGTCTGAGCAGGTGC,forward
174,GCACTGTCTGAGCAGGTGCA,forward
176,GCTGTCTGAGCAGGTGCAGG,forward
177,GTGTCTGAGCAGGTGCAGGA,forward
179,GTCTGAGCAGGTGCAGGAGG,forward
182,GGAGCAGGTGCAGGAGGAGC,forward
187,GGGTGCAGGAGGAGCTGCTC,forward
194,GGAGGAGCTGCTCAGCTCCC,forward
195,GAGGAGCTGCTCAGCTCCCA,forward
203,GCTCAGCTCCCAGGTCACCC,forward
204,GTCAGCTCCCAGGTCACCCA,forward
209,GTCCCAGGTCACCCAGGAAC,forward
211,GCCAGGTCACCCAGGAACTG,forward
210,GggatggggacactcacCTC,reverse
204,GggacactcacCTCAGTTCC,reverse
203,GgacactcacCTCAGTTCCT,reverse
202,GacactcacCTCAGTTCCTG,reverse
200,GactcacCTCAGTTCCTGGG,reverse
195,GcCTCAGTTCCTGGGTGACC,reverse
194,GCTCAGTTCCTGGGTGACCT,reverse
193,GTCAGTTCCTGGGTGACCTG,reverse
191,GAGTTCCTGGGTGACCTGGG,reverse
188,GTCCTGGGTGACCTGGGAGC,reverse
186,GCTGGGTGACCTGGGAGCTG,reverse
183,GGGTGACCTGGGAGCTGAGC,reverse
174,GGGAGCTGAGCAGCTCCTCC,reverse
168,GGAGCAGCTCCTCCTGCACC,reverse
163,GGCTCCTCCTGCACCTGCTC,reverse
159,GCTCCTGCACCTGCTCAGAC,reverse
157,GCCTGCACCTGCTCAGACAG,reverse
153,GCACCTGCTCAGACAGTGTC,reverse
146,GTCAGACAGTGTCTGCACCC,reverse
144,GAGACAGTGTCTGCACCCAG,reverse
141,GCAGTGTCTGCACCCAGCGC,reverse
140,GAGTGTCTGCACCCAGCGCA,reverse
128,GCAGCGCAGGTAATCCCAAA,reverse
126,GGCGCAGGTAATCCCAAAAG,reverse
120,GGTAATCCCAAAAGCGACCC,reverse
118,GAATCCCAAAAGCGACCCAG,reverse
114,GCCAAAAGCGACCCAGTGCC,reverse
107,GCGACCCAGTGCCAGTTCCC,reverse
105,GACCCAGTGCCAGTTCCCAG,reverse
102,GCAGTGCCAGTTCCCAGCGC,reverse
101,GAGTGCCAGTTCCCAGCGCT,reverse
98,GGCCAGTTCCCAGCGCTGGC,reverse
93,GTTCCCAGCGCTGGCCGCTC,reverse
86,GCGCTGGCCGCTCTGCCACT,reverse
85,GGCTGGCCGCTCTGCCACTC,reverse
81,GGCCGCTCTGCCACTCGGTC,reverse
78,GGCTCTGCCACTCGGTCTGC,reverse
77,GCTCTGCCACTCGGTCTGCT,reverse
75,GCTGCCACTCGGTCTGCTGG,reverse
72,GCCACTCGGTCTGCTGGCGC,reverse
68,GTCGGTCTGCTGGCGCAGCT,reverse
67,GCGGTCTGCTGGCGCAGCTC,reverse
66,GGGTCTGCTGGCGCAGCTCG,reverse
61,GGCTGGCGCAGCTCGGGCTC,reverse
60,GCTGGCGCAGCTCGGGCTCC,reverse
55,GGCAGCTCGGGCTCCGGCTC,reverse
46,GGCTCCGGCTCTGTCTCCAC,reverse
42,GCGGCTCTGTCTCCACCGCT,reverse
32,GTCCACCGCTTGCTCCACCT,reverse
31,GCCACCGCTTGCTCCACCTT,reverse
27,GCGCTTGCTCCACCTTGGCC,reverse
26,GGCTTGCTCCACCTTGGCCT,reverse
